{"cameraMode":{"drawMode":0,"name":"Shaded","section":"Shading Mode"},"sceneLighting":true,"audioPlay":false,"sceneViewState":{"m_AlwaysRefresh":false,"showFog":true,"showSkybox":true,"showFlares":true,"showImageEffects":true,"showParticleSystems":true,"showVisualEffectGraphs":true,"m_FxEnabled":true},"in2DMode":false,"pivot":{"x":-1.192885160446167,"y":-2.470629930496216,"z":-0.17294692993164063},"rotation":{"x":-0.04976958408951759,"y":-0.02786463126540184,"z":0.001389194279909134,"w":-0.9983723759651184},"size":8.720497131347657,"orthographic":false}