{"cameraMode":{"drawMode":0,"name":"Shaded","section":"Shading Mode"},"sceneLighting":true,"audioPlay":false,"sceneViewState":{"m_AlwaysRefresh":false,"showFog":true,"showSkybox":true,"showFlares":true,"showImageEffects":true,"showParticleSystems":true,"showVisualEffectGraphs":true,"m_FxEnabled":true},"in2DMode":false,"pivot":{"x":5.362987041473389,"y":-3.9552414417266847,"z":4.164042949676514},"rotation":{"x":-0.24318449199199677,"y":0.07034437358379364,"z":-0.017685523256659509,"w":-0.9672645926475525},"size":10.40572452545166,"orthographic":false}