{"cameraMode":{"drawMode":0,"name":"Shaded","section":"Shading Mode"},"sceneLighting":true,"audioPlay":false,"sceneViewState":{"m_AlwaysRefresh":false,"showFog":true,"showSkybox":true,"showFlares":true,"showImageEffects":true,"showParticleSystems":true,"showVisualEffectGraphs":true,"m_FxEnabled":true},"in2DMode":false,"pivot":{"x":-0.10184001922607422,"y":-1.2661619186401368,"z":1.6824476718902588},"rotation":{"x":-0.15460105240345,"y":0.8375481367111206,"z":-0.30270498991012576,"w":-0.42776572704315188},"size":3.8565690517425539,"orthographic":false}