{"cameraMode":{"drawMode":0,"name":"Shaded","section":"Shading Mode"},"sceneLighting":true,"audioPlay":false,"sceneViewState":{"m_AlwaysRefresh":false,"showFog":true,"showSkybox":true,"showFlares":true,"showImageEffects":true,"showParticleSystems":true,"showVisualEffectGraphs":true,"m_FxEnabled":true},"in2DMode":false,"pivot":{"x":-0.8695130348205566,"y":0.5550837516784668,"z":-0.8126344680786133},"rotation":{"x":0.06659131497144699,"y":0.9316104650497437,"z":-0.2808576226234436,"w":0.22088482975959779},"size":2.207106590270996,"orthographic":false}